id,type,question
S01,single-evidence,What three starting symptoms are listed in the introductory description of the Startability Tests?
S02,single-evidence,"According to the Engine Running Tests introduction, which symptoms call for these tests, and which starting symptoms are directed to the Startability Tests?"
S03,single-evidence,What two major cooling functions are covered by the top-level Cooling System Tests?
S04,single-evidence,What is the purpose of the HMMWV venting system during normal operation and deep-water fording?
S05,single-evidence,For which three general engine symptoms does the manual recommend the Fuel System Tests?
S06,single-evidence,What vehicle symptoms may justify checking the air intake/exhaust system?
S07,single-evidence,What is the primary purpose of the Compression/Mechanical Tests?
S08,single-evidence,Are the Engine Cooling Tests intended to diagnose a faulty temperature sending unit or gauge?
S09,single-evidence,"According to the Engine Cooling Tests operating description, at what coolant temperature does the thermostat start to open?"
S10,single-evidence,At approximately what coolant temperature should the engine fan be activated?
S11,single-evidence,What coolant mixture is normally specified for the engine cooling system?
S12,single-evidence,At approximately what cooling-system pressure does the surge-tank cap valve open?
S13,single-evidence,"In the Engine Lubrication Tests reference for STE/ICE-R Test 10, what approximate cranking speed is stated?"
S14,single-evidence,What idle-speed range is specified for the 6.2-liter engine in the Engine Lubrication Tests?
S15,single-evidence,Which diagnostic system does the manual direct the maintainer to check when the exhaust smoke is white?
S16,single-evidence,What does blue exhaust smoke generally indicate according to the manual?
S17,single-evidence,Which system should be checked when the exhaust smoke is black?
S18,single-evidence,What is the maximum acceptable battery internal resistance in STE/ICE-R Test 73?
S19,single-evidence,What is the maximum acceptable battery resistance-change value in STE/ICE-R Test 75?
S20,single-evidence,"In Step 2 of the initial Starter Circuit diagnostic test, what minimum battery voltage is checked while attempting to crank the engine?"
M01,multi-evidence,"During starter and battery checks, cranking voltage is 17 V and STE/ICE-R Test 73 reports 30 milliohms. Does each reading meet its stated limit? Give both limits."
M02,multi-evidence,A cold engine cranks at 90 RPM and STE/ICE-R Test 69 measures a starter negative-cable drop of 0.30 V. How does each reading compare with the manual guidance?
M03,multi-evidence,"Which cold-start circuit is excluded from the Glowplugs Circuit Tests, and what timing advance and engine-temperature condition does the Fuel System guidance state for checking that circuit?"
M04,multi-evidence,"A rough-running engine emits white smoke. Which diagnostic system does the exhaust-color guidance direct the maintainer to, and what other two problem areas can cause rough running according to that system introduction?"
M05,multi-evidence,"For black exhaust smoke, which diagnostic system is indicated? During its air-intake PMCS checks, how is correct CDR-valve function determined, and what cleaning method is authorized?"
M06,multi-evidence,"What does blue exhaust smoke indicate, and what is the stated purpose of the Compression/Mechanical Tests? Answer from the smoke explanation and that test-section introduction."
M07,multi-evidence,"At approximately what pressure does the surge-tank cap valve relieve pressure, and what cap-removal precautions does the cooling-system PMCS warning specify after vehicle operation?"
M08,multi-evidence,"At what coolant temperature is the cooling fan activated, and which pump supplies hydraulic pressure to the fan-clutch system?"
M09,multi-evidence,"Which fluids are cooled in the upper and lower halves of the separate oil cooler, and what approximate engine-oil pressure does the lubrication-test chart show at 2,000 RPM?"
M10,multi-evidence,"A 6.2L engine idles at 650 RPM with 8 psi oil pressure, and its oil is known to be contaminated. Compare the pressure with the lubrication-test chart and state the PMCS action for contaminated oil."
M11,multi-evidence,"For a vehicle other than M1123 or A2, what tension range is specified for a new accessory drivebelt, and what tightening torque is specified for alternator mounting bolts?"
M12,multi-evidence,"Loose starter mounting bolts are found during PMCS. Which forms and reporting timing apply to the shortcoming, and what tightening torque is specified for those bolts?"
M13,multi-evidence,PMCS finds service-brake pads 2.5 mm thick and tire tread 1.0 mm deep. Does each fall below its Not Fully Mission Capable threshold? State the respective limits.
M14,multi-evidence,Compare the permitted fluid-level distances below the fill opening for the transfer case on level ground and for a differential with cold lubricant.
M15,multi-evidence,"In non-arctic service, may Dexron II be used in both a 4L80-E transmission and the transfer case? State each fluid requirement and the transfer-case level criterion on level ground."
M16,multi-evidence,"After fording, what general instruction applies to items found contaminated, and what GO refill quantities are listed for each axle differential and each geared hub?"
M17,multi-evidence,"What does the vent system do during normal operation and deep-water fording, and what physical conditions of vent tubes are checked during deep-water-fording-kit PMCS?"
M18,multi-evidence,"At an annual inspection, are semiannual checks also required? For the air-intake CDR valve, what cleaning method must be used and what method is prohibited?"
M19,multi-evidence,"For prolonged operation below -15°F (-26°C), what general lubricant-change instruction applies, and what fluid do the transmission PMCS notes specify for both transmission models in arctic conditions?"
M20,multi-evidence,"A fuel-filter element has covered 6,500 miles in ten months. Is its replacement due under PMCS, and which additional inspection set must accompany the annual inspections?"
M21,multi-evidence,"What time-or-mileage interval triggers biennial PMCS, and when must the Final Road Test occur during that service?"
M22,multi-evidence,"A battery cell has specific gravity 1.200, while STE/ICE-R Test 73 reports 20 milliohms. How does each compare with its respective PMCS or diagnostic criterion?"
M23,multi-evidence,"What cleaning agent is generally specified for grease or oil on metal parts, and why must that general choice not be applied to the CDR valve? Give the authorized CDR method."
M24,multi-evidence,"For steering-system inspection, what tightening torque is specified for steering-gear mounting bolts, and what maximum output pressure is listed for the power-steering pump?"
M25,multi-evidence,"As coolant warms, which stated temperature is reached first: the thermostat fully-open temperature or fan-activation temperature? Give both values."
M26,multi-evidence,"If AOAP is unavailable, what engine oil-and-filter change intervals are stated, and what capacity is listed for the engine crankcase including the filter?"
M27,multi-evidence,"Does the general PMCS drivebelt-tension range apply to M1123 vehicles, and which paragraph is cited for replacement of their worn serpentine belt?"
M28,multi-evidence,"On an M997, the DC outlet reads 26 V with the engine running; a separate alternator test reads 28 V at 1,200-1,500 RPM. Does each meet its specified voltage range?"
M29,multi-evidence,"Is failure to develop full engine power a stated reason to check the air-intake/exhaust system, and how does a dust-unloader center opening of 0.20 inch compare with its PMCS limit?"
M30,multi-evidence,"What conversion does the hydro-boost unit perform in the steering-system description, and which four steering-system components are identified as possible influences on hydro-booster operation in the brake guidance?"
U01,unanswerable,"What is the complete step-by-step procedure for removing and installing the starter motor, including the mounting-bolt tightening torque?"
U02,unanswerable,"How should a failed protective control box be removed and a replacement installed, from disconnection through final reassembly?"
U03,unanswerable,"Provide the removal and installation sequence for replacing the distribution box, including its mounting and harness reconnection steps."
U04,unanswerable,Describe all removal and installation steps needed to replace the rotary switch.
U05,unanswerable,"How are the vehicle batteries removed and replacement batteries installed, including the full disconnection, mounting and reconnection sequence?"
U06,unanswerable,Give the complete wiring-harness repair procedure specified in paragraph 4-85.
U07,unanswerable,"After a glowplug controller is judged defective, describe its full removal and installation procedure."
U08,unanswerable,"Give the full thermostat removal and installation procedure, including access and reassembly steps."
U09,unanswerable,"Give the complete water-manometer test setup, numerical acceptance limits and test procedure for the CDR valve specified in paragraph 3-9a."
U10,unanswerable,"Describe the full removal, routing and installation procedure for the serpentine belt on an M1123 vehicle."
